id,created_at,text
1229537737902084096,2020-02-17 22:46:55,b'@RadiantG_ I did not realize this was The Fantasy before today but I have seen the light'
1229530170417172483,2020-02-17 22:16:50,b'@keitichandesu \xf0\x9f\xa5\xb0'
1229529889050628100,2020-02-17 22:15:43,b'@keitichandesu Oops I just made a reply by its Oceans ASMR ! There\xe2\x80\x99s two but the Christmas one is the one that you\xe2\x80\x99\xe2\x80\xa6 https://t.co/PsTdoNKJfD'
1229529603410100225,2020-02-17 22:14:35,b'If you want to feel like a rich girl has a crush on u watch Ocean*s ASMR - the Christmas one is the one that feels\xe2\x80\xa6 https://t.co/bdGKTQrlfb'
1229529003721187329,2020-02-17 22:12:12,b'SHE ACTS SO CUTESY I\xe2\x80\x99m like uhh she has a crush on me ? and the comments all say it too \xf0\x9f\x98\x82 \n\nok back to real life!!\xe2\x80\xa6 https://t.co/4qo9HXyKPS'
1229528729988292610,2020-02-17 22:11:07,b'Out of curiosity I clicked on an asmr video where \xe2\x80\x9crich girl spoils you\xe2\x80\x9d and uh apparently that\xe2\x80\x94 that\xe2\x80\x99s what I want'
1229516492305203207,2020-02-17 21:22:29,"b'RT @stehpone: \xf0\x9f\x8c\xbc\xf0\x9f\x8c\xbbSHOP UPDATE\xf0\x9f\x8c\xbb\xf0\x9f\x8c\xbc hi yall!! ive opened pre-orders for a 2nd round of hxh shirts, and added planner stickers and a mini zine!! \xf0\x9f\x92\x95\xe2\x80\xa6'"
1229514543493152768,2020-02-17 21:14:45,b'RT @Zambicandy: Whens Halloween \xf0\x9f\xa5\xba\xf0\x9f\x8e\x83 Babies available in my shop \xf0\x9f\x92\x9c\n\n\xf0\x9f\x8e\x80 https://t.co/iLiDWuWX8s \xf0\x9f\x8e\x80\n\xf0\x9f\x8e\x80 https://t.co/S0IF9kLbV1 \xf0\x9f\x8e\x80 https://t.co/1Zfd\xe2\x80\xa6'
1229505137766469632,2020-02-17 20:37:22,b'RT @ballistickiss: \xeb\xb2\x84\xeb\x8b\x88\xec\x89\xac https://t.co/GYEpcD4uAq'
1229475580472647687,2020-02-17 18:39:55,b'Also you\xe2\x80\x99re gonna have to peel them!! It\xe2\x80\x99ll keep them better protected while they\xe2\x80\x99re shipped and also it\xe2\x80\x99ll take yo\xe2\x80\xa6 https://t.co/71ZxCl0aYr'
1229473830860677122,2020-02-17 18:32:58,b'Stage standees have arrived and I am DROWNING IN ACRYLIC!! I\xe2\x80\x99m gonna do my best to get these out ASAP but there\xe2\x80\x99s a\xe2\x80\xa6 https://t.co/ct60it8eLA'
1229471443777445888,2020-02-17 18:23:29,b'me turning in work I know is bad\nIt\xe2\x80\x99s only process stuff but still GUHhhhhhhhhhhhhhhhhh pls give me direction dude\xe2\x80\xa6 https://t.co/FYegu0zwMv'
1229453454562729984,2020-02-17 17:12:00,"b""my prof didn't slacked on details this week and didn't answer my q so he's getting what he gets . shit happens that\xe2\x80\xa6 https://t.co/Lnjl1HzLCO"""
1229452819608014849,2020-02-17 17:09:28,b'@galothymos Perfect \xf0\x9f\xa4\xa3'
1229442859138457602,2020-02-17 16:29:54,b'RT @vvolvesmouth: \xe2\x9c\xa8romantic patterns for ur secret garden\xe2\x9c\xa8 https://t.co/NbDj99friB'
1229442273919807488,2020-02-17 16:27:34,b'@galothymos Trying to picture Lios face re: This'
1229342393494839296,2020-02-17 09:50:41,b'Ily but u need Supervision https://t.co/6qJV9iZLLD'
1229339735363117058,2020-02-17 09:40:07,b'My mom gets up to all sorts of shenanigans if I go to bed early like she woke me up right at the start for my compu\xe2\x80\xa6 https://t.co/PWegJ2UYIE'
1229336295048187904,2020-02-17 09:26:27,b'@DarksStars \xf0\x9f\xa5\xba\xf0\x9f\x92\x95'
1229336155960872960,2020-02-17 09:25:54,b'@animeaves @egoisticartist My brain literally refuses to process this'
1229335051642572800,2020-02-17 09:21:30,b'@tdrkiz Wow!! I\xe2\x80\x99m glad you sold so many!!'
1229334832125227009,2020-02-17 09:20:38,b'RT @crookedroads770: Dang it doesn\xe2\x80\x99t anyone here know how to cook umber https://t.co/biBCgPm1lR'
1229227314753474561,2020-02-17 02:13:24,b'RT @helax_art: I finished it!!! \n#PROMARE #Blender3d https://t.co/OfLyaEDvin'
1229227171702607872,2020-02-17 02:12:50,"b""RT @AnineBosenberg: It's done! I made a long long concertina zine, it's got horses in it! https://t.co/ubzNePZkEb"""
1229226889614635008,2020-02-17 02:11:43,b'RT @Trungles: Check-in time! Do we need water? A snack? A little extra sleep? Maybe just a deep breath?'
1229226600803250176,2020-02-17 02:10:34,"b'\xe2\x80\x9cLOOK IT EVEN SAYS JENNIFER ON MY CREDIT CARD\xe2\x80\x9d - me, desperate for redemption'"
1229224418523656193,2020-02-17 02:01:53,b'He was very friendly too so it turned into a whole thing and she hassled me again when I went to pick it up from him djdbdhs'
1229224144010711040,2020-02-17 02:00:48,b'When I ordered dessert tonight the employee asked for my name for the order and I said \xe2\x80\x9cJennie\xe2\x80\x9d and @grimmfirefly g\xe2\x80\xa6 https://t.co/2NIcV2sWq1'
1229213534954950657,2020-02-17 01:18:39,b'@WontStfuAbKlnce \xf0\x9f\x98\x98\xe2\x9d\xa4\xef\xb8\x8f thank you!'
1229157675109355520,2020-02-16 21:36:41,b'RT @crowcrycaw: \xeb\xb0\xa9\xed\x99\xa9 https://t.co/3gtMe1y3H3'
1229156452331376640,2020-02-16 21:31:49,b'RT @meyoco_: Floral mermaid \xf0\x9f\x8c\xb8\xe2\x9c\xa8 Made two versions and I like them both! https://t.co/Q66qyjkkaf'
1229156034415034368,2020-02-16 21:30:09,b'RT @FiFS_nono: \xe3\x8a\x97\xef\xb8\x8f\xe3\x83\x97\xe3\x83\xad\xe3\x83\xa1\xe3\x82\xa2\xe5\x86\x86\xe7\x9b\xa4\xe7\x99\xba\xe5\xa3\xb2\xf0\x9f\x94\xa5\xf0\x9f\x94\xa5\n\xe3\x83\xaa\xe3\x82\xaa\xe3\x81\xae\xe8\xb1\xaa\xe5\xbf\xab\xe3\x81\xaa\xe5\xba\xa7\xe3\x82\x8a\xe6\x96\xb9\xe3\x81\x8c\xe5\xa5\xbd\xe3\x81\x8d\xe3\x81\xa7\xe3\x81\x99\n\n#PROMARE\n#\xe3\x83\x97\xe3\x83\xad\xe3\x83\xa1\xe3\x82\xa2 https://t.co/BatqvbsBzj'
1229146187212652545,2020-02-16 20:51:02,"b'RT @cambrasine: nsfw / Some really unfortunate ""~sexy~"" candles showed up in my E*tsy recs the other day and it was physically impossible f\xe2\x80\xa6'"
1229146182544392192,2020-02-16 20:51:01,b'RT @cambrasine: \xf0\x9f\x94\xa5\xf0\x9f\x94\xa5\xf0\x9f\x94\xa5 bonus panel  \xf0\x9f\x94\xa5\xf0\x9f\x94\xa5\xf0\x9f\x94\xa5 https://t.co/4h6ptZOLxa'
1229102487417839616,2020-02-16 17:57:23,b'@squimpz \xf0\x9f\x98\x8f\xe2\x9c\xa8'
1229100449158094848,2020-02-16 17:49:17,b'@141x80 \xf0\x9f\xa5\xb0\xe2\x9d\xa4\xef\xb8\x8f\xe2\x9d\xa4\xef\xb8\x8f\xe2\x9d\xa4\xef\xb8\x8f heheh thank you!!'
1228963867184783361,2020-02-16 08:46:33,b'@keidoodles \xf0\x9f\x98\x9a\xf0\x9f\x92\x95you\xe2\x80\x99re welcome!!\xf0\x9f\x98\x82 I\xe2\x80\x99m glad you enjoyed it~~'
1228963367446044672,2020-02-16 08:44:34,"b'Bank: is this charge valid? Reply Y or N\nMe: Y\nBank: We can\xe2\x80\x99t understand you, call us\nMe: y\xe2\x80\x99all'"
1228945070457544704,2020-02-16 07:31:52,b'@Flowerrwolf OU/ch'
1228944980422557696,2020-02-16 07:31:30,"b""@tdrkiz DSGDH GFH SERIOUSLY YOU'RE TOO SWEEET!! I'm glad you liked it so much!! omg so it didn't make it in time af\xe2\x80\xa6 https://t.co/egHr4vIC6R"""
1228936951325233152,2020-02-16 06:59:36,b'@tdrkiz \xf0\x9f\xa5\xba\xf0\x9f\xa5\xba\xf0\x9f\xa5\xba\xf0\x9f\xa5\xbaMILO!!!\xf0\x9f\x92\x95\xe2\x9c\xa8\xf0\x9f\x92\x96\xe2\x9c\xa8\xf0\x9f\x92\x95 YOURE WAY TOO KIND!!! !! AAAA I\xe2\x80\x99m so glad it reached you in time!'
1228936667987312640,2020-02-16 06:58:28,b'She just meant they seemed weirdly impersonal but Ohmygod that was such a Burn'
1228936392664866816,2020-02-16 06:57:23,b'HSBDHDNCN MY MOM IS GETTING RID OF OLD GREETING CARDS OK and she goes \xe2\x80\x9cI don\xe2\x80\x99t know what I was thinking when I boug\xe2\x80\xa6 https://t.co/ve0lQdcQOl'
1228935413148114944,2020-02-16 06:53:29,"b'Point is, galolio fucks happy belated Valentine\xe2\x80\x99s Day'"
1228933461676826625,2020-02-16 06:45:44,"b""I was laying awake in bed thinking of making this comic the other night and when I thought of 'gag gift' I pretty much lost it"""
1228932953075527690,2020-02-16 06:43:43,"b""@tdrkiz FDSGFHT THANK YOU FRIEND!! (Hope you're having a good katsu btw!!)"""
1228931702384398336,2020-02-16 06:38:44,b'@squareclewd SDEGDTHRFGHvd this made me laugh thank you'
1228930242632470528,2020-02-16 06:32:56,b'@squareclewd I have no self control'
1228927904106663936,2020-02-16 06:23:39,b'\xf0\x9f\x94\xa5\xf0\x9f\x94\xa5\xf0\x9f\x94\xa5 bonus panel  \xf0\x9f\x94\xa5\xf0\x9f\x94\xa5\xf0\x9f\x94\xa5 https://t.co/4h6ptZOLxa'
1228927677995900928,2020-02-16 06:22:45,"b'nsfw / Some really unfortunate ""~sexy~"" candles showed up in my E*tsy recs the other day and it was physically impo\xe2\x80\xa6 https://t.co/acnpjf31tA'"
1228899720212492288,2020-02-16 04:31:39,"b'RT @nicahls: RTs\xf0\x9f\x90\x97~\nhey, do u have TOO much money? do u wanna waste it? do u also LOVE inosuke?\n\nwell why not commission me! nicole! to draw\xe2\x80\xa6'"
1228892583318953986,2020-02-16 04:03:18,b'It is like pulling teeth but I am doing it \nI had to remind myself of 8 books full of lore https://t.co/0QIb0B0Z3R'
1228880677627662336,2020-02-16 03:15:59,b'I can\xe2\x80\x99t believe it\xe2\x80\x99s only 10 I\xe2\x80\x99ve been forcing myself to work on this it feels like it\xe2\x80\x99s been years'
1228861309908897797,2020-02-16 01:59:02,"b""RT @pervocracy: Work-life balance is often described just in terms of time, but energy matters too. You can't work 14 stressful hours and t\xe2\x80\xa6"""
1228830448027160577,2020-02-15 23:56:24,"b""@animeaves i\n'm rooting for you"""
1228820278341443590,2020-02-15 23:15:59,b'RT @backt0nature: Here we have two types of dogs https://t.co/wSEXGjXV4b'
1228819263953231873,2020-02-15 23:11:57,b'RT @to_mo_89: \xe3\x80\x8c\xe3\x81\x93\xe3\x82\x8c\xe5\x8b\x95\xe7\x94\xbb\xef\xbc\x9f\xe3\x80\x8d\xe3\x81\xae\xe3\x82\x84\xe3\x81\xa4 https://t.co/gpfAgsWLb8'
1228819116175306753,2020-02-15 23:11:22,b'RT @sssss23s: \xea\xb7\xb8\xeb\xa6\xbc\xec\x9e\x90 \xeb\x94\xb0\xeb\x9d\xbc \xea\xb1\xb7\xea\xb8\xb0 https://t.co/J7U3w8HVje'
1228812763755094016,2020-02-15 22:46:07,"b""there's two wolves inside of my one is obligatory harry potter cereal assignment and the other is belated valentine's galolio comic"""
1228812092112809985,2020-02-15 22:43:27,b'RT @genzmashfan: I am morally obligated to tweet this every year https://t.co/CFBL467XnV'
1228811650582687745,2020-02-15 22:41:42,b'the cheap printer i got w credits only goes to 8.5x11 so i can only do medium/minis but if it works well it could b\xe2\x80\xa6 https://t.co/fjUkNto62k'
1228809932432166912,2020-02-15 22:34:52,b'I\xe2\x80\x99m so excited at the prospect of being able to make foil prints on my own \xf0\x9f\xa5\xba I hope it works out well!! Idk why I t\xe2\x80\xa6 https://t.co/3KrrRNFkww'
1228805712517701632,2020-02-15 22:18:06,b'@nakimooshis yes. i have no control over this assignment.'
1228805600794025984,2020-02-15 22:17:39,"b'HUFf. HUFF. I fIANLLY AM GONNA. spend my blick giftcard ..well, most of it..IDK WHY THIS IS CAUSING ME SO MUCH ANXI\xe2\x80\xa6 https://t.co/qHJ3aYDx0l'"
1228795799481524235,2020-02-15 21:38:43,b'My friend is coming tomorrow instead so now I have to work on stupid Ron Weasley cereal for school hhhhhhhhhhhhhhhh'
1228790583717777409,2020-02-15 21:17:59,b'@egoisticartist Aaa yeah i try to keep my eyes out but I\xe2\x80\x99m kinda bad at it!! \xf0\x9f\x91\x80\xf0\x9f\x91\x80\xf0\x9f\x91\x80\xf0\x9f\x91\x80\xf0\x9f\x92\xa6'
1228788876703096834,2020-02-15 21:11:12,b'@Zambicandy Sending you and kitty love!!! \xf0\x9f\x92\x95\xf0\x9f\x92\x95\xf0\x9f\x92\x95\xf0\x9f\x92\x95'
1228788014060572674,2020-02-15 21:07:46,b'LRT Zambis Art is so cute!!! Go support!!! Help kitty!!!!!!!!!'
1228787867721269255,2020-02-15 21:07:12,b'RT @Zambicandy: Luckys appointment is this Thursday and I set up a gofundme page for her AND Gnocchi because their bills are gunna be p hig\xe2\x80\xa6'
1228778399172304896,2020-02-15 20:29:34,"b'Happy valentine ,, I got myself cheap color safe shampoo and a $3 chocolate bar live your best life'"
1228759540390408194,2020-02-15 19:14:38,"b""RT @zapfriend: 2020 has not been kind to me re: freelance work so far. These are links to my blanket and my gumroad where I have .pdf's for\xe2\x80\xa6"""
1228759289935867905,2020-02-15 19:13:38,b'RT @kidzbopstar: god i hope nobodies done this yet #promare https://t.co/CRcgyZFGVR'
1228745534908882944,2020-02-15 18:18:59,b'RT @botoluvr: https://t.co/VtCwiZCZXw'
1228745533986091010,2020-02-15 18:18:58,b'RT @botoluvr: https://t.co/aQDEQ4PRJ8'
1228745288883593218,2020-02-15 18:18:00,b'RT @botoluvr: TECHNICALLY ITS NOT VALENTINES ANYMORE BUT PLEASE TAKE IT ANYWAYS I GUESS https://t.co/RCYP0dKVoM'
1228723679233748994,2020-02-15 16:52:08,"b""RT @helax_art: This movie is the only thing I'm gonna talk about for the next 5 years\n\n#PROMARE #promarefanart https://t.co/F3o7sCkK5J"""
1228723127892500487,2020-02-15 16:49:56,"b'RT @lisaveeee: if you carry him around, he can\xe2\x80\x99t get hurt, right? #MiraculousLadybug #sketch https://t.co/MVEtsW9BJb'"
1228721384152608768,2020-02-15 16:43:01,b'@squareclewd Oooo I could see this one like a long pencil poiuch too'
1228540260327489536,2020-02-15 04:43:17,"b""IM MAKING THIS STUPID FUCKING COMIC IT'S GONNA take forever but maybe it'll be ready soon it's valentine's day forever for this to work ok??"""
1228526241206108161,2020-02-15 03:47:35,b'@tdrkiz Lmfaoo \xe2\x80\x9coh my \xe2\x80\x94-yes of-of course you can buy two but \xe2\x80\x94- I\xe2\x80\x99m gonna need about 45 minutes\xe2\x80\x9d'
1228516102298382336,2020-02-15 03:07:18,b'@egoisticartist I was also listening to florence + the machine earlier today and i was like HEY U SAW THEM'
1228515851869048833,2020-02-15 03:06:18,b'@egoisticartist HNNN I SAW WAY BACK WHEN U WERE LIKE HAHA ANY FRIENDS LIKE BANDS And I was like damn I like BANDS b\xe2\x80\xa6 https://t.co/ulKmWXg8eG'
1228507002541834240,2020-02-15 02:31:08,b'@egoisticartist AA IM SO JEALOUS!! GLAD U HAD AN AMAZING TIME!!'
1228497814474416128,2020-02-15 01:54:38,"b""RT @cambrasine: OK I'm gonna post this before I can overwork it -\nLike everyone else, I absolutely ADORE the Valentine's outfits and want t\xe2\x80\xa6"""
1228490923023196160,2020-02-15 01:27:14,b'RT @boopjooniex: https://t.co/ZpMqc0O4DY'
1228489734223212545,2020-02-15 01:22:31,b'RT @geezmarty: happy valentines from medusa and her gf \xf0\x9f\x90\x8d\xf0\x9f\x98\x98 https://t.co/7OJq5o2EX7'
1228489084198412290,2020-02-15 01:19:56,b'@komieci @gaIolios SDFGFDH NO IT IS STILL FUNNY I laughed out loud...it is also just so relatable'
1228488937431347201,2020-02-15 01:19:21,"b""RT @komieci: this comic seemed so much funnier in my head lol happy valentine's day, indulge yourselves \xf0\x9f\x90\xbb\xf0\x9f\x92\x95 https://t.co/ZC3aiqy95l"""
1228485162196926465,2020-02-15 01:04:21,"b""i'm so confused trying to order for zenkai*kon cause i feel like certain items have gotten a lot less popular/i wan\xe2\x80\xa6 https://t.co/I0hrOBDEzb"""
1228483699357954048,2020-02-15 00:58:32,b'RT @twofished: My brother (1/3) https://t.co/60yRsvjLpd'
1228471484085145600,2020-02-15 00:10:00,b'RT @CGdrawing: Artist Allan P Friedlander https://t.co/6BUiZG6niB'
1228470919049420800,2020-02-15 00:07:45,b'@um_e9 This is the cutest thing ever! I love this idea \xf0\x9f\x98\x8d'
1228470796458381315,2020-02-15 00:07:16,b'LRT THIS IS SO FUCKING CUTE'
1228470753382846472,2020-02-15 00:07:06,b'RT @um_e9: \xe3\x81\x8a\xe3\x82\x84\xe3\x81\xa4\xe3\x82\xa4\xe3\x83\xa9\xe3\x82\xb9\xe3\x83\x88\xe6\x9c\xac\xe3\x81\xab\xe3\x81\xae\xe3\x81\x9b\xe3\x81\x9f\xe7\xb5\xb5\xe3\x81\xa7\xe3\x81\x97\xe3\x81\x9f\xf0\x9f\x8d\xab https://t.co/IRCVPUh8C9'
1228470665721896961,2020-02-15 00:06:45,b'Ok this comic is very funny I think'
1228468849072394241,2020-02-14 23:59:32,b'RT @IMAIKU_19: \xe3\x83\x8f\xe3\x83\x83\xe3\x83\x94\xe3\x83\xbc\xe3\x83\x90\xe3\x83\xac\xe3\x83\xb3\xe3\x82\xbf\xe3\x82\xa4\xe3\x83\xb3\xe3\x83\x87\xe3\x83\xbc\xe2\x9d\xa4 https://t.co/aZJufd8Gtd'
1228468680503287814,2020-02-14 23:58:51,b'Casually sketches out another four panel comic I\xe2\x80\x99ll never draw'
1228464721118007296,2020-02-14 23:43:07,b'RT @YUKFUNWOW: Big fun stuff by Nacho Eterno\nhttps://t.co/WL09afBcuC https://t.co/JgT88VCdQ1'
1228464387347951617,2020-02-14 23:41:48,b'RT @larooone: #PROMARE valentines cards (final) https://t.co/LObmNL7TRK'
1228464162235461632,2020-02-14 23:40:54,b'@galothymos N-neither? The person at the deli cuts it.\n\nfuck those single slice packages tho'
1228463704846589955,2020-02-14 23:39:05,b'@animeaves I wish these tweets weren\xe2\x80\x99t locked'
1228463498415480834,2020-02-14 23:38:16,"b""RT @binglinhu: happy valentines day \xe2\x98\xba\xef\xb8\x8f\xf0\x9f\x92\x96 \n\nfollowing in last year's tradition, i made a set of zoological valentines cards for work! u can v\xe2\x80\xa6"""
1228462804891512832,2020-02-14 23:35:31,b'RT @jok_nsfw: \xf0\x9f\x92\x9e\xf0\x9f\x92\x98LOVE IN THE AIR Y\xe2\x80\x99ALL\xf0\x9f\x92\x98\xf0\x9f\x92\x9e\nHappy Valentines with these idiots \n\n#promare #galolio https://t.co/zDVPY9iNEe'
1228462485088407553,2020-02-14 23:34:14,b'@tdrkiz I just realized you have to assemble these by hand and I am so sorry'
1228443644451074050,2020-02-14 22:19:22,b'My mom was like oh no I lost a glove and I was like bro u are..u are wearing it'
1228441867349524481,2020-02-14 22:12:19,b'One year I\xe2\x80\x99ll see y\xe2\x80\x99all at katsu but this year isn\xe2\x80\x99t that year (burritos myself in a blanket) im just chillin\n\nHave\xe2\x80\xa6 https://t.co/pRsH8TwwJM'
1228416639131148290,2020-02-14 20:32:04,b'@tdrkiz Galo is living the dream I see https://t.co/SXFiN916L3'
1228416438140051457,2020-02-14 20:31:16,b'RT @tdrkiz: Here at katsu P29!!!! Come say hi!!!!!\xe2\x98\xba\xef\xb8\x8f https://t.co/yywU0GynDA'
1228415972085764097,2020-02-14 20:29:25,b'RT @Shuu_Ink: I love you\xe3\x80\x82Happy Valentines\xe3\x80\x82\n\n#promare #\xe3\x83\x97\xe3\x83\xad\xe3\x83\xa1\xe3\x82\xa2 https://t.co/T7IcIOh7lc'
1228415380651216901,2020-02-14 20:27:04,"b""RT @dunatdan: \xf0\x9f\x92\x98HAPPY VALENTINE'S DAY \xf0\x9f\x92\x98\nmay the day ablaze with color of their love. amen.\n\xf0\x9f\x99\x8f\xf0\x9f\x99\x8f\xf0\x9f\x99\x8f\xf0\x9f\x99\x8f\xf0\x9f\x99\x8f\n\n#promare #galothymos #liofotia https://t.c\xe2\x80\xa6"""
1228415056179793925,2020-02-14 20:25:46,"b""RT @n4391: Happy Valentine's Day! \xf0\x9f\x8d\xab\nThis was my piece for @Promare_vday.\nWould you let Lio feed you chocolate? https://t.co/YaXnApzbDF"""
1228384726748160000,2020-02-14 18:25:15,b'@animeaves Imagine not being local'
1228384627842256897,2020-02-14 18:24:52,b'Obviously Galo wants margherita mega max but I would make Lio the mac n cheese pizza he deserves ..damn now I want pizza'
1228382748353712133,2020-02-14 18:17:24,b'@BambooC825 LMFAOOO I think you made the right choice then my friend \xf0\x9f\x98\x82 it\xe2\x80\x99s not \xe2\x80\x9cdicks out\xe2\x80\x9d but it may raise some questions'
1228376714071486465,2020-02-14 17:53:25,b'Lio made a heart-shaped pizza - just for you! (And also for Galo !) \xf0\x9f\x8d\x95\xe2\x9d\xa4\xef\xb8\x8f\xf0\x9f\x94\xa5\n\nHopefully most of my valentines have rece\xe2\x80\xa6 https://t.co/m4dDobK0UA'
1228372153759911936,2020-02-14 17:35:18,"b""RT @cambrasine: Happy Valentine's Day~ \xf0\x9f\x98\x98\xe2\x9d\xa4\xef\xb8\x8f https://t.co/KQDlI153Z4"""
1228343163137536003,2020-02-14 15:40:06,b'@animeaves Omg this is such a sad tweet'
1228327109921329155,2020-02-14 14:36:18,b'RT @studiovonnie: Have a good valentines day!\xf0\x9f\x8c\xbc\xf0\x9f\x92\x9a https://t.co/fYdl2QzEvN'
1228326665933201408,2020-02-14 14:34:33,b'RT @feever_dreem: a room together https://t.co/JXvAB3pcv9'
1228319671306391552,2020-02-14 14:06:45,b'My check in meeting for my project went well. I\xe2\x80\x99m surprised but happy I was able to sleep last night...anyway time\xe2\x80\xa6 https://t.co/ZL7YJeKC4Z'
1228319370834849793,2020-02-14 14:05:33,"b""RT @Pixxz_: I made @carrotsprout_'s banner into a short video because it's constantly on my mind https://t.co/9izJgw9vlZ"""
1228319321602056193,2020-02-14 14:05:21,b'LRT LMFAOOOO'
1228319280741134338,2020-02-14 14:05:12,b'RT @naxedra: if you\xe2\x80\x99re single on valentines day it\xe2\x80\x99s because you fell for another fictional twink again. don\xe2\x80\x99t ever forget that. if you wer\xe2\x80\xa6'
1228319231202205696,2020-02-14 14:05:00,b'@beverlylove Zine / indie comic fest'
1228314522831802368,2020-02-14 13:46:17,b'Cut to me having a heavy internal struggle about buying my mom $17-25 flowers LMFAOO I decided against it bc moneys\xe2\x80\xa6 https://t.co/a4xWxieTGm'
1228291836143394817,2020-02-14 12:16:08,b'This feels like a good song for those post-movie angst Galo Lio fics where they have trouble getting together or fe\xe2\x80\xa6 https://t.co/zZ6q3I2A7j'
1228278482205073408,2020-02-14 11:23:05,b'Getting up....ghhhhhhgvbbbb'
1228169636195131394,2020-02-14 04:10:34,b'@squimpz @wisploid Oh no I remember seeing this before....please just talk to each other..learn to ask for what you\xe2\x80\xa6 https://t.co/mLinKkLWQJ'
1228168836358135810,2020-02-14 04:07:23,b'@opalescent_teal Or like u take care of it yourself or change ur mind and the other person comes in and sees melted\xe2\x80\xa6 https://t.co/C2jjzqZur6'
1228168630803685377,2020-02-14 04:06:34,b'@wisploid @squimpz The only solution is a $12 artisan candle'
1228168248140558338,2020-02-14 04:05:03,b'@animeaves BIG OH NO'
1228168074966130688,2020-02-14 04:04:21,b'@squimpz Yeah this is a \xe2\x80\x9cthe straights are at it again\xe2\x80\x9d moment for sure'
1228167969634578432,2020-02-14 04:03:56,b'@sevachu ITS LIKE the candle is saying LETS FUCK yet you censor a word ??'
1228167805033275398,2020-02-14 04:03:17,b'@opalescent_teal I cannot imagine using these in such a way just say hey wanna bang it\xe2\x80\x99s easier and cheaper'
1228161739113394176,2020-02-14 03:39:11,b'Nsfw / Anyway usually the top listings on my et*sy homepage are things I just looked at \xe2\x80\x94 and there ARE those thing\xe2\x80\xa6 https://t.co/vTZSFtLmee'
1228155551059718144,2020-02-14 03:14:36,"b""RT @nieniekoto: good morning\xf0\x9f\x8c\xbb\xf0\x9f\x8c\xbb\xf0\x9f\x8d\x84\xe2\x9c\xa8 happy valentine's day! i've got a couple more things to post bc i got overly excited lol but please look f\xe2\x80\xa6"""
1228155326769356800,2020-02-14 03:13:42,b'@ashesfadein2gay /SLAMS REFRESH'
1228152272976306176,2020-02-14 03:01:34,b'@ashesfadein2gay I did the same shit w that fic this morning!! THAT ENDING DID NOT LEAVE ME READY TO START THE DAY'
1228149994156363778,2020-02-14 02:52:31,b'RT @wereville: This is so fucking stupid but I did it anyways. \nPlease feel free to give this Galo to a Lio in your life tomorrow. https://\xe2\x80\xa6'
1228136169713610752,2020-02-14 01:57:35,"b'RT @mayakern: psst! all you artists out there doing lineless art, i have a super easy and fast photoshop ""hack"" to automate filling shapes!\xe2\x80\xa6'"
1228130455200903169,2020-02-14 01:34:52,b'RT @soukatsu_: official key visual for the new Given movie focusing on Akihiko and Haruki\xe2\x80\x99s relationship is out!!! and with a release date!\xe2\x80\xa6'
1228113537400287233,2020-02-14 00:27:39,b'@IIIarclight Have fun!!'
1228113082527965185,2020-02-14 00:25:50,b'RT @lexandraws: commission for the ever so lovely @thanhuki !!! IT\xe2\x80\x99S KIRISHIMA AND MISS WILLABEE \xe3\x83\xbd(\xc2\xb4\xe2\x96\xbd\xef\xbd\x80)\xe3\x83\x8e https://t.co/MRqumWvcVP'
1228112216374829056,2020-02-14 00:22:24,b'@animeaves Yyyeesss'
1228111748911247366,2020-02-14 00:20:32,"b""RT @carrotsprout_: valentine's sketch https://t.co/u3DrxNn3vl"""
1228094190002876416,2020-02-13 23:10:46,b'@PrinceShortie https://t.co/MSn1yKtCNe'
1228093667405172738,2020-02-13 23:08:41,b'RT @tdrkiz: how much would u spend on this https://t.co/H5hFZcErmv'
1228093207596163074,2020-02-13 23:06:52,b'@tdrkiz Long long man'
1228093108870635524,2020-02-13 23:06:28,b'@talesofmai I\xe2\x80\x99ll look forward to it!! \xf0\x9f\x98\x8d\xe2\x9d\xa4\xef\xb8\x8f'
1228093019376771073,2020-02-13 23:06:07,b'@PrinceShortie \xf0\x9f\x98\xad\xf0\x9f\x98\xad\xf0\x9f\x98\xad\xf0\x9f\x98\xad why would you say thatttt???\n\nNah he\xe2\x80\x99s got some other animal friends there though'
1228092879245127681,2020-02-13 23:05:33,b'Stage stands and a sample for Secret project should be here Monday!! I\xe2\x80\x99ll mail them out ASAP but there\xe2\x80\x99s a good num\xe2\x80\xa6 https://t.co/WHshukV7Hc'
1228074089069338625,2020-02-13 21:50:54,b'Do you know how much self restraint it required to not take this man home with me??? https://t.co/AHJGrQOkEa'
1228073575313219584,2020-02-13 21:48:51,b'@tdrkiz \xf0\x9f\x98\x8d I\xe2\x80\x99ll look forward to it!!'
1228073512612618240,2020-02-13 21:48:36,b'@tdrkiz Aaa yeah I was thinking magnets would be cute too so then I got indecisive!!'
1228047963768971266,2020-02-13 20:07:05,b'The ICA really had my back w the tag color today \xf0\x9f\x91\x8c https://t.co/WUrP2VbLoY'
1228037303454568449,2020-02-13 19:24:43,b'@midimayo Heheeh \xf0\x9f\x98\x98\xe2\x9d\xa4\xef\xb8\x8f glad you got it safely and happy to make u blushy'
1228037225100779524,2020-02-13 19:24:24,b'@BambooC825 Aaa glad to hear they\xe2\x80\x99re arriving quickly!!'
1228018552105578497,2020-02-13 18:10:12,b'RT @buddy10351: Doggo Fatgum and the Puppy Interns \xf0\x9f\x92\xaa\xf0\x9f\x90\xb6 https://t.co/6Sy3C8VyJH'
1228017806450581506,2020-02-13 18:07:15,b'@tdrkiz (Being serious tho I am curious to see these lil guys \xf0\x9f\x98\x82\xe2\x9d\xa4\xef\xb8\x8f)'
1228017609741938689,2020-02-13 18:06:28,b'@tdrkiz How dare you post this picture to personally attack me and remind me Ive been neglecting to glue my pins on for like a month now \xf0\x9f\x98\x82'
1228016667390857218,2020-02-13 18:02:43,"b""RT @KoyasuYasuko12: E:Ash......suki.....////\n(EIJI ate a  liqueur chocolate\xf0\x9f\x8d\xab\n\n\xf0\x9f\x92\x95Happy Valentine's Day! \xf0\x9f\x92\x95 https://t.co/ba9Cbylj9M"""
1228016520367943681,2020-02-13 18:02:08,b'RT @cambrasine: One more \ngoodnight https://t.co/eRPwEJ7agC'
1228016347466149888,2020-02-13 18:01:27,b'I heard a couple east coasters got em ..hoping for all the US ones at least by tomorrow .. sorry international people \xf0\x9f\x98\x96'
1228016152800104449,2020-02-13 18:00:40,b'I hope most of my valentines arrive to people today bc I gotta post the drawing for tomorrow \xf0\x9f\x91\x80\xf0\x9f\x92\xa6'
1228015440259174401,2020-02-13 17:57:51,b'@Toradhart Ahah well we can\xe2\x80\x99t win them all \xf0\x9f\x98\x82'
1228015302904107008,2020-02-13 17:57:18,"b'@talesofmai \xf0\x9f\xa5\xba\xe2\x9c\xa8\xe2\x9c\xa8\xe2\x9c\xa8 MAI ,, it\xe2\x80\x99s just a little doodle,,, no need to propose\xe2\x80\x94- not that I\xe2\x80\x99d say no \xf0\x9f\x98\x98\xe2\x9d\xa4\xef\xb8\x8f\xe2\x9d\xa4\xef\xb8\x8f\xe2\x9d\xa4\xef\xb8\x8f'"
1228001097471668225,2020-02-13 17:00:51,b'RT @thisismollym: On the plane doodle with bad WiFi who knows if it\xe2\x80\x99ll upload https://t.co/bU9lSzGakb'
1227842661966663681,2020-02-13 06:31:17,b'One more \ngoodnight https://t.co/eRPwEJ7agC'
1227836026124668929,2020-02-13 06:04:55,"b'Stupid drawings for you, goodnight https://t.co/eVLaZvSo03'"
1227835107123376129,2020-02-13 06:01:16,b'@talesofmai doodle Boy 4 u https://t.co/O9BKLFgLO0'
1227833165772939264,2020-02-13 05:53:33,b'link in case any of u weebs wants them\n\nhttps://t.co/2sIBuUoGQB'
1227832666902454272,2020-02-13 05:51:34,b'i have some odd aversion to buying new snow boots even tho my feet have been wet for twO YeARS'
1227832510446493696,2020-02-13 05:50:57,"b""mom: what about these jenn, these are cute\nme: .....those are.....lio fotia's snow boots..... https://t.co/TAUBg7DPbW"""
1227825648485441536,2020-02-13 05:23:41,b'RT @Spytrue: BNA anime new color spread from Animage. https://t.co/ljdaiodHX1'
1227813203503198214,2020-02-13 04:34:14,"b""RT @lolstasia: Hey guys! Tomorrow is exciting- I'm leaving for #katsucon but ALSO MY CACTI ARE ARRIVING! I'll leave preorders up through mi\xe2\x80\xa6"""
1227800175927865344,2020-02-13 03:42:28,"b""RT @cambrasine: Woo! Ready to post this!\n\nMy 2nd design for illo assignment was to make an event poster - here's one for a hypothetical mag\xe2\x80\xa6"""
1227799955680768007,2020-02-13 03:41:35,"b""(inhales deeply) ahh, nothing like a fresh spreadsheet that doesn't have discontinued designs and pre, sold, and po\xe2\x80\xa6 https://t.co/vJ4HLVBJej"""
1227792295044493312,2020-02-13 03:11:09,b'Actual names of my inventory spreadsheets\nFall: Falcon Inventory\nSpring: Springventory'
1227777307714183168,2020-02-13 02:11:35,b'@squareclewd Goodnight cow who jumped over the mom'
1227776148274327560,2020-02-13 02:06:59,b'Cool. https://t.co/KQd7VconWt'
1227775686577922048,2020-02-13 02:05:09,b'I fell asleep and my mom came in and woke me up and now she\xe2\x80\x99s asleep in my bed and I\xe2\x80\x99m awake and this is not what I wanted'
1227774902813458432,2020-02-13 02:02:02,b'RT @talesofmai: @blastybam https://t.co/aF16cJH8ay'
1227753929360003079,2020-02-13 00:38:41,"b""RT @pauzamro: Black swallow enamel pin, available in my shop \xf0\x9f\x96\xa4\xf0\x9f\x8c\xbf\n\nthis is my first pin design and i'm already excited about making more! \xf0\x9f\x8c\xbfsh\xe2\x80\xa6"""
1227753617739919360,2020-02-13 00:37:27,b'RT @Zambicandy: Me when someone else is stressed out: It will be ok! I believe in you! Theres always a way to work things out!!!!\n\nMe @ mys\xe2\x80\xa6'
1227747188471738375,2020-02-13 00:11:54,"b""@NachozArts This is so gorgeous!!  I'm feeling inspired, but I was wondering what kind of paper you used that could\xe2\x80\xa6 https://t.co/T6oIU1nQhM"""
1227737215050092544,2020-02-12 23:32:16,b'My next question is: paper you can run through both inkjet and laser printers \xe2\x80\x94\xe2\x80\x94 that exists??? I\xe2\x80\x99ve seen it done but..'
1227736987148439552,2020-02-12 23:31:22,b'@RadiantG_ $50 \xf0\x9f\x98\x8e'
1227730126634438657,2020-02-12 23:04:06,b'I WANNA TRY .... FOILING ........ PUNCH NEEDLE.... RISO...\n\nsomeone fund an artist residency for me except the resi\xe2\x80\xa6 https://t.co/GmYbnp9KvE'
1227728793562996738,2020-02-12 22:58:49,"b""bl*ick gift card.. grateful but it's so Cursed I haven't used it bc everything I ever want from them is 'online onl\xe2\x80\xa6 https://t.co/j3UjxUfc9M"""
1227722899244683264,2020-02-12 22:35:23,b'**foil\nI mean I have laser printers at my school but 1. Costs per print 2. Wildly inconvenient'
1227721992754941952,2020-02-12 22:31:47,b'Y\xe2\x80\x99all I saw someone post about a $50 laser printer to foul w the other day and I have \xf0\x9f\x91\x80\xf0\x9f\x91\x80\xf0\x9f\x91\x80\xf0\x9f\x91\x80 Best Buy credits that ex\xe2\x80\xa6 https://t.co/rBDrEQB4FK'
1227714963906727938,2020-02-12 22:03:51,b'RT @cyndachoo: gdl server mermaid au possessed me #galolio #promare https://t.co/NnGLMi1mGx'
1227714121472380930,2020-02-12 22:00:31,"b'RT @mushroomflirter: made this for the back of my zine, I realized ""hey I could post it instead of pretending it never existed""\nAs usual, t\xe2\x80\xa6'"
1227711465848803331,2020-02-12 21:49:57,b'second time in two days I wrote litter instead of little \xf0\x9f\xa4\x94'
1227710606033215489,2020-02-12 21:46:32,b'for a second I was like WAIT...WHY WOULD THEY PUT THE STANDS TOGETHER :P'
1227710509308432386,2020-02-12 21:46:09,b'RT @holobat: \xe2\x96\xbc Mad Burnish Pastel Tee \xe2\x96\xbc\n\nAvailable: 2/14 @ 5pm EST US\n\nShow your burnish pride with this soft yet fierce tee!! \xf0\x9f\x94\xa5\xe2\x9d\xa4\xf0\x9f\x92\x99\xf0\x9f\x92\x9a\xf0\x9f\x94\xa5 Burn h\xe2\x80\xa6'
1227709921124388865,2020-02-12 21:43:49,b'RT @monnwi1: \xe2\x9c\xa8 https://t.co/jcV40VAcZe'
1227709903118184448,2020-02-12 21:43:45,b'RT @eugene_winter_: Rhythm \xe3\x83\xaa\xe3\x82\xba\xe3\x83\xa0 https://t.co/1OhOUNGjCE'
1227709690647318528,2020-02-12 21:42:54,"b""OHH I was so confused by my latest z*ap order update but it's bc I got a pin sample with it that it's with the 'con\xe2\x80\xa6 https://t.co/XKDM0kHve1"""
1227685455824609280,2020-02-12 20:06:36,b'@cyndachoo This post is such a mood'
1227683283451940864,2020-02-12 19:57:58,b'@DarksStars Hdhdhdhd right? He\xe2\x80\x99s a good teacher but that comment made me go :|'
1227682074133442560,2020-02-12 19:53:10,b'RT @annabelhewitson: All these looks are so good but I really love these two in particular! \xf0\x9f\x91\x8c\xf0\x9f\x94\xa5@modsiwW https://t.co/K9civ8SG5G https://t.co\xe2\x80\xa6'
1227680286181404674,2020-02-12 19:46:04,b'RT @angrycomics: having a fun day https://t.co/idpr9bI20V'
1227676628689588224,2020-02-12 19:31:32,b'RT @milkuriem: https://t.co/rRq6knk4Ky'
1227676465333972993,2020-02-12 19:30:53,b'RT @milkuriem: DO YOU ENJOY DRAWING HEADASS SHID??? DO YOU LOVE DRAWING WITH YOUR NON-DOM HAND???? WE GOT THE ZINE FOR U...... a fun.... fr\xe2\x80\xa6'
1227656304489046021,2020-02-12 18:10:46,b'Lmfaooo I got an 8/10 for concept on my magical girl poster bc there\xe2\x80\x99s \xe2\x80\x9calways room for improvement\xe2\x80\x9d bro why even go up to 10 then \xf0\x9f\x98\x82'
1227638360036040704,2020-02-12 16:59:28,b'RT @poxeii: thanks for all the interest on this a week ago! it\xe2\x80\x99s up in my store now for preorder\n\nhttps://t.co/ely9ZB4iXV'
1227636950410186752,2020-02-12 16:53:52,b'@Flowerrwolf The lovely @Giraffecosplay \xf0\x9f\x92\x95'
1227558040297144322,2020-02-12 11:40:18,b'@krispyhu Somehow I missed seeing these before \xf0\x9f\x98\xb3\xf0\x9f\x98\xa4\xf0\x9f\x98\x8d'
1227557451865763842,2020-02-12 11:37:58,b'@krispyhu THESE LOOK FREAKING AMAZING'
1227557256847413249,2020-02-12 11:37:11,b'RT @krispyhu: dkfbkajdSKFHAK MY CHARMS ARE HERE FROM @ZapCreatives \nTHEY TURNED OUT SO GOOD IM \xf0\x9f\x98\xad\xf0\x9f\x92\x95\xf0\x9f\x92\x95\xf0\x9f\x92\x95 https://t.co/51qvn02r0y'
1227551147658903552,2020-02-12 11:12:55,b'RT @Ruan_Gotobed: My print for the No Planet No Fun exhibition. On sale now at https://t.co/jyCdSQNxhe alongside many gorgeous others and a\xe2\x80\xa6'
1227547249649037318,2020-02-12 10:57:25,b'RT @YUKFUNWOW: Cute clothes by Ivy Niu\nhttps://t.co/iO77YncZr8 https://t.co/rcGBezuD11'
1227546518158180357,2020-02-12 10:54:31,"b'RT @enmoire: Hope this can help / give some insight for those who are going to make candy bag charm :D If you have more tips/pointer, kindl\xe2\x80\xa6'"
1227463469437476868,2020-02-12 05:24:30,b'@YuezhengMigi Yes \xf0\x9f\x98\x82 cloud poogle and striped kacheek! https://t.co/UXXUJQeLjn'
1227460832956686336,2020-02-12 05:14:02,b'@squareclewd ....yeah sometimes it be like that'
1227457555233898497,2020-02-12 05:01:00,b'Pretty good representation of my brain rn https://t.co/FPfvgAnsiK'
1227449458125873158,2020-02-12 04:28:50,"b""@animeaves i'm making a little chart i'll send to u  when i'm done in case u need"""
1227448447940382720,2020-02-12 04:24:49,"b'@animeaves ink*it too .,..I FORGOT ABOUT THAT...just as bad is the 70 layer file set up.......heLP'"
1227448152019668992,2020-02-12 04:23:38,"b'@animeaves i\'m making myself some notes rn cause i\'m like  ""OK MOST POPULAR DESIGNS I\'VE GOT... negative one.....four.....two...FUCK""'"
